{"downloadUrl":"https://greasyfork.org/scripts/14178-ac-baidu-%E4%BC%98%E5%8C%96%E7%99%BE%E5%BA%A6-%E6%90%9C%E7%8B%97-%E8%B0%B7%E6%AD%8C%E6%90%9C%E7%B4%A2%E7%BB%93%E6%9E%9C%E4%B9%8B%E9%87%8D%E5%AE%9A%E5%90%91%E5%8E%BB%E9%99%A4-%E5%8E%BB%E5%B9%BF%E5%91%8A-favicon/code/AC-baidu%EF%BC%9A%20%E4%BC%98%E5%8C%96%E7%99%BE%E5%BA%A6%E3%80%81%E6%90%9C%E7%8B%97%E3%80%81%E8%B0%B7%E6%AD%8C%E6%90%9C%E7%B4%A2%E7%BB%93%E6%9E%9C%E4%B9%8B%E9%87%8D%E5%AE%9A%E5%90%91%E5%8E%BB%E9%99%A4+%E5%8E%BB%E5%B9%BF%E5%91%8A+favicon.user.js","enabled":true,"iconFilename":"AC-baidu： 优化百度、搜狗、谷歌搜索结果之重定向去除+去广告+favicon/icon.jpg","iconType":"image/jpeg","userExcludes":[],"userIncludes":[],"userMatches":[]}